{"accuracy": [0.6582018136978149, 0.8119423389434814, 0.8325325846672058, 0.8599862456321716, 0.8792038559913635], "loss": [0.8715207576751709, 0.5620017647743225, 0.47570833563804626, 0.42241033911705017, 0.3845454454421997], "val_accuracy": [0.7884615659713745, 0.8021978139877319, 0.8296703100204468, 0.8324176073074341, 0.843406617641449], "val_loss": [0.6664340496063232, 0.6020066142082214, 0.544482946395874, 0.512496292591095, 0.49698975682258606]}